{
"Ann-Arbor-Civic-Technology-Meetup": 1.1274529179260637, 
"OK-Lab-Stuttgart": 1, 
"Code-for-Dayton": 3.8217252652644387, 
"FreeGeekChicago": 7.898244721739004, 
"Code-for-San-Jose": 2.5903260452132284, 
"Code-for-Tomorrow": 4.986895633816229, 
"Hacking-Madison": 4.088485019936296, 
"Code-for-Portland": 4.612119229697338, 
"Code-for-Kanagawa": 1, 
"Code-for-Kawasaki": 1.705814129939951, 
"Code-for-Olsztyn": 1, 
"OK-Lab-Padderborn": 6.170163654561458, 
"Code-for-Seattle": 18.81297154388541, 
"Code-for-Krak\u00f3w": 1, 
"OK-Lab-Gie\u00dfen": 3.903371845371273, 
"Hacking-Monterrey": 4.721265218975368, 
"Code-for-Ireland": 1.802033961038082, 
"Code-for-Fukuoka": 1, 
"Code-for-Nigeria": 94.34983515769177, 
"Code-for-San-Francisco": 12.798809456520116, 
"Code-for-Sacramento": 193.59013728533503, 
"Open-Austin": 4.045863058703218, 
"Code-for-Aizu": 1, 
"Codigo-para-la-Ciudad-de-Mexico": 6.831301796471063, 
"Code-for-Fort-Lauderdale": 2.1809714497052366, 
"Code-for-Tulsa": 22.599051376360272, 
"Hack-for-LA": 515.044289044289, 
"Code-for-RVA": 11.265581768871218, 
"mySociety": 176.49371648838098, 
"OK-Lab-Chemnitz": 2.4432308630274844, 
"Code-for-Cary": 1, 
"OK-Lab-Dresden": 1, 
"Code-for-Charlotte": 14.236728820546894, 
"Code-for-Kenya": 76.11924155038582, 
"Code-for-Chofu": 1, 
"Open-Salt-Lake": 60.01592361147326, 
"OK-Lab-K\u00f6ln": 2.5654635132050316, 
"Code-for-Summit-County": 1.14764659112889, 
"Code-for-Nagareyama": 1, 
"Codeando-M\u00e9xico": 41.65501851004148, 
"Beta-NYC": 22.761194727744726, 
"Code-for-Maine": 23.055986327717022, 
"Open-San-Antonio": 1.8793580081236512, 
"Code-for-Pakistan": 153.0902179548909, 
"Data.gov": 6.18657433542696, 
"Code-for-Denver": 1.9430234173353282, 
"Code-for-Germany": 32.33332746772154, 
"Code-for-DC": 78.23995523292285, 
"Code-for-Ibaraki": 12.626272927170083, 
"Project-Open-Data": 3.3637629808759493, 
"Code-for-Boston": 3.729663271087676, 
"OK-Lab-Ulm": 1, 
"Code-for-Shiogama": 1, 
"Open-Data-STL": 102.647743174554, 
"Open-Gov-Hack-Night": 51.6928645462867, 
"Code-for-Philly": 23.27732729373381, 
"Code-for-Pozna\u0144": 1, 
"Code-for-Kashiwa": 1, 
"Code-for-Huntsville": 1, 
"Code-for-Ghana": 76.28212033826462, 
"Code-for-Tucson": 3.8359131961654636, 
"Smart-Chicago-Collaborative": 12.271746880707466, 
"Code-for-Kansas-City": 12.988803425645894, 
"OK-Lab-M\u00fcnster": 18.18188676729534, 
"Code-for-Kanazawa": 2.8967651195499298, 
"Hack-Michiana": 3.8625332694556915, 
"Civic-Data-Alliance": 87.59682941383379, 
"Open-Brazil": 9.176190476190476, 
"Code-For-JC": 5.909164310313472, 
"OK-Lab-M\u00fcnchen": 14.514118611969788, 
"Code-for-Raleigh": 1, 
"Code-for-Miami": 30.887168586334784, 
"Open-Chattanooga": 12.00508071589045, 
"OK-Lab-Berlin": 3.165883618266725, 
"Code-for-Detroit": 1, 
"Poplus": 7.194141013629296, 
"Code-for-BTV": 7.86153786514915, 
"Code-for-Okinawa": 3.7594525138299213, 
"Code-for-Tampa-Bay": 1.299509919470263, 
"Code-for-Saitama": 1, 
"Code-for-Europe": 115.95951224541726, 
"Open-San-Diego": 4.956891843953263, 
"Open-Pittsburgh": 17.409093092461482, 
"Code-for-Australia": 36.30037694690326, 
"18F": 337.6296767817366, 
"Open-Nebraska": 2.857869641770982, 
"Code-for-Albuquerque": 3.3333333333333335, 
"OK-Lab-Leipzig": 5.405712520992041, 
"OK-Lab-Heilbronn": 1, 
"Code-for-Curitiba": 9.021774193548387, 
"Code-for-Sapporo": 2.215045155993432, 
"Presidential-Innovation-Fellows": 4.258317670263979, 
"Code-for-Kaohsiung": 1, 
"Code-for-Durham": 2.3249372238335315, 
"Code-for-Long-Beach": 1, 
"Code-for-Poland": 16.057127337607085, 
"Code-for-Birmingham": 31.794946765220494, 
"Code-Island": 96.31632008977277, 
"Akron-Civic-Hackathon": 1.025, 
"Open-Houston": 1, 
"Code-for-\u0141\u00f3d\u017a": 1, 
"Code-for-Hampton-Roads": 4.299029599372134, 
"Code-for-Warsaw": 1, 
"Code-for-the-Netherlands": 1, 
"Open-Lexington": 54.51319100459954, 
"g0v.tw": 135.19028849696505, 
"Code-for-Anchorage": 32.603621315472736, 
"City-of-Chicago-Department-of-Innovation-and-Technology": 2.543453471227734, 
"Code-for-Boulder": 13.416628758175, 
"Code-for-Asheville": 47.05761989730025, 
"Code-for-Atlanta": 13.657029380218905, 
"Code-for-America": 193.30638380191368, 
"Code4PuertoRico": 1595.4648318544644, 
"Open-Twin-Cities": 5.0432959219419535, 
"Open-Oakland": 9.016369155680996, 
"Code-for-Croatia": 1, 
"CodeNamu": 25.03335582774582, 
"Code-for-Nashville": 26.50105416663982, 
"Code-for-South-Africa": 138.4051524447039, 
"Open-Syracuse": 28.48082183794529, 
"Friendly-Code": 9.431708160330782, 
"Open-Cleveland": 116.14506850004942, 
"Code-for-Nanto": 1, 
"Code-for-Ikoma": 1, 
"Open-Data-Cincy": 1, 
"Code-for-NoVA": 1, 
"Code-for-Hawaii": 3.5508639823849935, 
"Code-for-Saga": 1, 
"Code-for-Gifu": 1, 
"Code-for-Japan": 37.32005494562847, 
"OK-Lab-Hamburg": 1, 
"Open-Zagreb": 2.32758427852686, 
"Code-for-Vegas": 1.2432432432432432, 
"Code-for-the-Caribbean": 16.420037555885976, 
"Code-for-Africa": 76.11545367159793, 
"Code-for-New-River-Valley": 6.152522349936143
}